"filename", "language", "JavaScript", "JSON", "TypeScript", "XML", "TypeScript JSX", "JSON with Comments", "PostCSS", "Markdown", "MS SQL", "Docker", "comment", "blank", "total"
"/Users/zerone/Documents/Coding/projectProp/apps/backend/Dockerfile", "Docker", 0, 0, 0, 0, 0, 0, 0, 0, 0, 12, 0, 8, 20
"/Users/zerone/Documents/Coding/projectProp/apps/backend/README.md", "Markdown", 0, 0, 0, 0, 0, 0, 0, 69, 0, 0, 2, 29, 100
"/Users/zerone/Documents/Coding/projectProp/apps/backend/eslint.config.mjs", "JavaScript", 33, 0, 0, 0, 0, 0, 0, 0, 0, 0, 1, 2, 36
"/Users/zerone/Documents/Coding/projectProp/apps/backend/nest-cli.json", "JSON", 0, 9, 0, 0, 0, 0, 0, 0, 0, 0, 0, 0, 9
"/Users/zerone/Documents/Coding/projectProp/apps/backend/package.json", "JSON", 0, 100, 0, 0, 0, 0, 0, 0, 0, 0, 0, 1, 101
"/Users/zerone/Documents/Coding/projectProp/apps/backend/prisma.config.ts", "TypeScript", 0, 0, 11, 0, 0, 0, 0, 0, 0, 0, 1, 1, 13
"/Users/zerone/Documents/Coding/projectProp/apps/backend/prisma/migrations/20260117153647_init/migration.sql", "MS SQL", 0, 0, 0, 0, 0, 0, 0, 0, 37, 0, 6, 9, 52
"/Users/zerone/Documents/Coding/projectProp/apps/backend/prisma/migrations/20260120095828_bigint_prices/migration.sql", "MS SQL", 0, 0, 0, 0, 0, 0, 0, 0, 2, 0, 1, 1, 4
"/Users/zerone/Documents/Coding/projectProp/apps/backend/prisma/migrations/20260120151104_contacts_upgrade/migration.sql", "MS SQL", 0, 0, 0, 0, 0, 0, 0, 0, 5, 0, 1, 1, 7
"/Users/zerone/Documents/Coding/projectProp/apps/backend/prisma/migrations/20260122112841_upgrade_property_schema_saas/migration.sql", "MS SQL", 0, 0, 0, 0, 0, 0, 0, 0, 32, 0, 19, 9, 60
"/Users/zerone/Documents/Coding/projectProp/apps/backend/prisma/migrations/20260122183550_add_property_activity_log/migration.sql", "MS SQL", 0, 0, 0, 0, 0, 0, 0, 0, 11, 0, 3, 4, 18
"/Users/zerone/Documents/Coding/projectProp/apps/backend/prisma/migrations/20260123053630_add_user_columns_to_property_activity/migration.sql", "MS SQL", 0, 0, 0, 0, 0, 0, 0, 0, 2, 0, 1, 1, 4
"/Users/zerone/Documents/Coding/projectProp/apps/backend/prisma/migrations/20260123161713_add_lead_crm/migration.sql", "MS SQL", 0, 0, 0, 0, 0, 0, 0, 0, 4, 0, 2, 2, 8
"/Users/zerone/Documents/Coding/projectProp/apps/backend/prisma/migrations/20260124023927_add_property_share/migration.sql", "MS SQL", 0, 0, 0, 0, 0, 0, 0, 0, 12, 0, 2, 3, 17
"/Users/zerone/Documents/Coding/projectProp/apps/backend/prisma/migrations/20260125104045_add_tenant_preferences_enum/migration.sql", "MS SQL", 0, 0, 0, 0, 0, 0, 0, 0, 1, 0, 1, 1, 3
"/Users/zerone/Documents/Coding/projectProp/apps/backend/prisma/migrations/20260125105523_add_tenant_rules/migration.sql", "MS SQL", 0, 0, 0, 0, 0, 0, 0, 0, 4, 0, 8, 2, 14
"/Users/zerone/Documents/Coding/projectProp/apps/backend/prisma/migrations/20260125135521_add_agent_system/migration.sql", "MS SQL", 0, 0, 0, 0, 0, 0, 0, 0, 26, 0, 8, 11, 45
"/Users/zerone/Documents/Coding/projectProp/apps/backend/prisma/migrations/20260125201245_ingestion_log/migration.sql", "MS SQL", 0, 0, 0, 0, 0, 0, 0, 0, 12, 0, 3, 4, 19
"/Users/zerone/Documents/Coding/projectProp/apps/backend/prisma/migrations/20260126065737_add_agent_merge_system/migration.sql", "MS SQL", 0, 0, 0, 0, 0, 0, 0, 0, 12, 0, 2, 3, 17
"/Users/zerone/Documents/Coding/projectProp/apps/backend/prisma/migrations/20260126145016_add_property_notes/migration.sql", "MS SQL", 0, 0, 0, 0, 0, 0, 0, 0, 1, 0, 1, 1, 3
"/Users/zerone/Documents/Coding/projectProp/apps/backend/prisma/migrations/20260126150732_add_lead_field_to_property_share/migration.sql", "MS SQL", 0, 0, 0, 0, 0, 0, 0, 0, 4, 0, 1, 1, 6
"/Users/zerone/Documents/Coding/projectProp/apps/backend/prisma/migrations/20260128170540_add_team_member/migration.sql", "MS SQL", 0, 0, 0, 0, 0, 0, 0, 0, 7, 0, 1, 2, 10
"/Users/zerone/Documents/Coding/projectProp/apps/backend/prisma/migrations/20260202090910_add_client_thread/migration.sql", "MS SQL", 0, 0, 0, 0, 0, 0, 0, 0, 33, 0, 10, 13, 56
"/Users/zerone/Documents/Coding/projectProp/apps/backend/prisma/migrations/20260202102249_add_follow_up_to_client_property/migration.sql", "MS SQL", 0, 0, 0, 0, 0, 0, 0, 0, 1, 0, 1, 1, 3
"/Users/zerone/Documents/Coding/projectProp/apps/backend/prisma/migrations/20260202122244_add_last_contacted_at/migration.sql", "MS SQL", 0, 0, 0, 0, 0, 0, 0, 0, 1, 0, 1, 1, 3
"/Users/zerone/Documents/Coding/projectProp/apps/backend/prisma/migrations/20260217123424_merged_into/migration.sql", "MS SQL", 0, 0, 0, 0, 0, 0, 0, 0, 1, 0, 1, 1, 3
"/Users/zerone/Documents/Coding/projectProp/apps/backend/prisma/migrations/20260217161807_property_count_added/migration.sql", "MS SQL", 0, 0, 0, 0, 0, 0, 0, 0, 1, 0, 1, 1, 3
"/Users/zerone/Documents/Coding/projectProp/apps/backend/prisma/migrations/20260319061333_add_workspace_auth_canonical_property_deals/migration.sql", "MS SQL", 0, 0, 0, 0, 0, 0, 0, 0, 497, 0, 205, 203, 905
"/Users/zerone/Documents/Coding/projectProp/apps/backend/prisma/migrations/20260319183305_add_client_property_clientstatus/migration.sql", "MS SQL", 0, 0, 0, 0, 0, 0, 0, 0, 17, 0, 8, 9, 34
"/Users/zerone/Documents/Coding/projectProp/apps/backend/prisma/migrations/20260321020304_add_availability_status_enum/migration.sql", "MS SQL", 0, 0, 0, 0, 0, 0, 0, 0, 3, 0, 8, 2, 13
"/Users/zerone/Documents/Coding/projectProp/apps/backend/prisma/migrations/20260321165954_add_client_owner_and_lead_assignment/migration.sql", "MS SQL", 0, 0, 0, 0, 0, 0, 0, 0, 4, 0, 4, 4, 12
"/Users/zerone/Documents/Coding/projectProp/apps/backend/prisma/migrations/20260412030816_message_cache/migration.sql", "MS SQL", 0, 0, 0, 0, 0, 0, 0, 0, 10, 0, 3, 4, 17
"/Users/zerone/Documents/Coding/projectProp/apps/backend/prisma/migrations/20260412093911_add_deal_client_relation/migration.sql", "MS SQL", 0, 0, 0, 0, 0, 0, 0, 0, 1, 0, 1, 1, 3
"/Users/zerone/Documents/Coding/projectProp/apps/backend/prisma/migrations/20260429143941_add_shared_ingestion/migration.sql", "MS SQL", 0, 0, 0, 0, 0, 0, 0, 0, 41, 0, 12, 16, 69
"/Users/zerone/Documents/Coding/projectProp/apps/backend/prisma/migrations/20260501172033_add_listing_last_activity/migration.sql", "MS SQL", 0, 0, 0, 0, 0, 0, 0, 0, 1, 0, 1, 1, 3
"/Users/zerone/Documents/Coding/projectProp/apps/backend/prisma/migrations/20260502073635_add_listing_last_seen_at/migration.sql", "MS SQL", 0, 0, 0, 0, 0, 0, 0, 0, 1, 0, 1, 1, 3
"/Users/zerone/Documents/Coding/projectProp/apps/backend/prisma/migrations/20260510110537_add_wa_auth_state/migration.sql", "MS SQL", 0, 0, 0, 0, 0, 0, 0, 0, 6, 0, 1, 2, 9
"/Users/zerone/Documents/Coding/projectProp/apps/backend/prisma/migrations/20260512153233_add_google_auth/migration.sql", "MS SQL", 0, 0, 0, 0, 0, 0, 0, 0, 3, 0, 8, 2, 13
"/Users/zerone/Documents/Coding/projectProp/apps/backend/prisma/migrations/20260512170720_add_plan_selected/migration.sql", "MS SQL", 0, 0, 0, 0, 0, 0, 0, 0, 1, 0, 1, 1, 3
"/Users/zerone/Documents/Coding/projectProp/apps/backend/prisma/migrations/20260513041225_add_media_storage_system/migration.sql", "MS SQL", 0, 0, 0, 0, 0, 0, 0, 0, 47, 0, 30, 20, 97
"/Users/zerone/Documents/Coding/projectProp/apps/backend/prisma/seed.ts", "TypeScript", 0, 0, 0, 0, 0, 0, 0, 0, 0, 0, 121, 15, 136
"/Users/zerone/Documents/Coding/projectProp/apps/backend/railway.json", "JSON", 0, 10, 0, 0, 0, 0, 0, 0, 0, 0, 0, 0, 10
"/Users/zerone/Documents/Coding/projectProp/apps/backend/scripts/backfill-agent-property-count.ts", "TypeScript", 0, 0, 30, 0, 0, 0, 0, 0, 0, 0, 5, 10, 45
"/Users/zerone/Documents/Coding/projectProp/apps/backend/scripts/backfill-agents.ts", "TypeScript", 0, 0, 19, 0, 0, 0, 0, 0, 0, 0, 4, 6, 29
"/Users/zerone/Documents/Coding/projectProp/apps/backend/src/ai/property-parser/ai-parser/ai-parser.module.ts", "TypeScript", 0, 0, 7, 0, 0, 0, 0, 0, 0, 0, 0, 2, 9
"/Users/zerone/Documents/Coding/projectProp/apps/backend/src/ai/property-parser/ai-parser/ai-parser.service.ts", "TypeScript", 0, 0, 215, 0, 0, 0, 0, 0, 0, 0, 282, 134, 631
"/Users/zerone/Documents/Coding/projectProp/apps/backend/src/ai/property-parser/ai-parser/ai-parser.types.ts", "TypeScript", 0, 0, 37, 0, 0, 0, 0, 0, 0, 0, 8, 11, 56
"/Users/zerone/Documents/Coding/projectProp/apps/backend/src/ai/property-parser/ai-parser/extract-property.prompt.ts", "TypeScript", 0, 0, 140, 0, 0, 0, 0, 0, 0, 0, 4, 3, 147
"/Users/zerone/Documents/Coding/projectProp/apps/backend/src/app.controller.spec.ts", "TypeScript", 0, 0, 18, 0, 0, 0, 0, 0, 0, 0, 0, 5, 23
"/Users/zerone/Documents/Coding/projectProp/apps/backend/src/app.controller.ts", "TypeScript", 0, 0, 10, 0, 0, 0, 0, 0, 0, 0, 15, 8, 33
"/Users/zerone/Documents/Coding/projectProp/apps/backend/src/app.module.ts", "TypeScript", 0, 0, 53, 0, 0, 0, 0, 0, 0, 0, 2, 6, 61
"/Users/zerone/Documents/Coding/projectProp/apps/backend/src/app.service.ts", "TypeScript", 0, 0, 7, 0, 0, 0, 0, 0, 0, 0, 0, 2, 9
"/Users/zerone/Documents/Coding/projectProp/apps/backend/src/auth/auth.controller.ts", "TypeScript", 0, 0, 148, 0, 0, 0, 0, 0, 0, 0, 29, 24, 201
"/Users/zerone/Documents/Coding/projectProp/apps/backend/src/auth/auth.module.ts", "TypeScript", 0, 0, 27, 0, 0, 0, 0, 0, 0, 0, 0, 3, 30
"/Users/zerone/Documents/Coding/projectProp/apps/backend/src/auth/auth.service.ts", "TypeScript", 0, 0, 387, 0, 0, 0, 0, 0, 0, 0, 46, 73, 506
"/Users/zerone/Documents/Coding/projectProp/apps/backend/src/auth/constants.ts", "TypeScript", 0, 0, 6, 0, 0, 0, 0, 0, 0, 0, 0, 2, 8
"/Users/zerone/Documents/Coding/projectProp/apps/backend/src/auth/decorators/current-user.decorator.ts", "TypeScript", 0, 0, 8, 0, 0, 0, 0, 0, 0, 0, 7, 1, 16
"/Users/zerone/Documents/Coding/projectProp/apps/backend/src/auth/decorators/roles.decorator.ts", "TypeScript", 0, 0, 7, 0, 0, 0, 0, 0, 0, 0, 14, 2, 23
"/Users/zerone/Documents/Coding/projectProp/apps/backend/src/auth/dto/auth.dto.ts", "TypeScript", 0, 0, 56, 0, 0, 0, 0, 0, 0, 0, 1, 10, 67
"/Users/zerone/Documents/Coding/projectProp/apps/backend/src/auth/guards/auth.guards.ts", "TypeScript", 0, 0, 50, 0, 0, 0, 0, 0, 0, 0, 17, 13, 80
"/Users/zerone/Documents/Coding/projectProp/apps/backend/src/auth/helpers/require-role.ts", "TypeScript", 0, 0, 12, 0, 0, 0, 0, 0, 0, 0, 0, 2, 14
"/Users/zerone/Documents/Coding/projectProp/apps/backend/src/auth/jwt-payload.interface.ts", "TypeScript", 0, 0, 9, 0, 0, 0, 0, 0, 0, 0, 0, 2, 11
"/Users/zerone/Documents/Coding/projectProp/apps/backend/src/auth/strategies/google.strategy.ts", "TypeScript", 0, 0, 31, 0, 0, 0, 0, 0, 0, 0, 0, 3, 34
"/Users/zerone/Documents/Coding/projectProp/apps/backend/src/auth/strategies/jwt-access.strategy.ts", "TypeScript", 0, 0, 52, 0, 0, 0, 0, 0, 0, 0, 3, 6, 61
"/Users/zerone/Documents/Coding/projectProp/apps/backend/src/auth/strategies/jwt-refresh.strategy.ts", "TypeScript", 0, 0, 39, 0, 0, 0, 0, 0, 0, 0, 0, 6, 45
"/Users/zerone/Documents/Coding/projectProp/apps/backend/src/common/utils/nameSanitizer.ts", "TypeScript", 0, 0, 41, 0, 0, 0, 0, 0, 0, 0, 1, 11, 53
"/Users/zerone/Documents/Coding/projectProp/apps/backend/src/core/email/email.module.ts", "TypeScript", 0, 0, 7, 0, 0, 0, 0, 0, 0, 0, 0, 1, 8
"/Users/zerone/Documents/Coding/projectProp/apps/backend/src/core/email/email.service.ts", "TypeScript", 0, 0, 54, 0, 0, 0, 0, 0, 0, 0, 0, 3, 57
"/Users/zerone/Documents/Coding/projectProp/apps/backend/src/core/prisma/prisma.client.ts", "TypeScript", 0, 0, 9, 0, 0, 0, 0, 0, 0, 0, 0, 4, 13
"/Users/zerone/Documents/Coding/projectProp/apps/backend/src/core/prisma/prisma.module.ts", "TypeScript", 0, 0, 8, 0, 0, 0, 0, 0, 0, 0, 0, 2, 10
"/Users/zerone/Documents/Coding/projectProp/apps/backend/src/core/prisma/prisma.service.ts", "TypeScript", 0, 0, 15, 0, 0, 0, 0, 0, 0, 0, 1, 4, 20
"/Users/zerone/Documents/Coding/projectProp/apps/backend/src/ingestion/whatsapp/wa-auth-state.ts", "TypeScript", 0, 0, 53, 0, 0, 0, 0, 0, 0, 0, 0, 5, 58
"/Users/zerone/Documents/Coding/projectProp/apps/backend/src/ingestion/whatsapp/whatsapp.module.ts", "TypeScript", 0, 0, 8, 0, 0, 0, 0, 0, 0, 0, 0, 2, 10
"/Users/zerone/Documents/Coding/projectProp/apps/backend/src/ingestion/whatsapp/whatsapp.service.ts", "TypeScript", 0, 0, 73, 0, 0, 0, 0, 0, 0, 0, 3, 12, 88
"/Users/zerone/Documents/Coding/projectProp/apps/backend/src/main.ts", "TypeScript", 0, 0, 37, 0, 0, 0, 0, 0, 0, 0, 31, 23, 91
"/Users/zerone/Documents/Coding/projectProp/apps/backend/src/modules/admin/admin-audit.service.ts", "TypeScript", 0, 0, 66, 0, 0, 0, 0, 0, 0, 0, 3, 9, 78
"/Users/zerone/Documents/Coding/projectProp/apps/backend/src/modules/admin/admin-properties.service.ts", "TypeScript", 0, 0, 225, 0, 0, 0, 0, 0, 0, 0, 9, 21, 255
"/Users/zerone/Documents/Coding/projectProp/apps/backend/src/modules/admin/admin-subscriptions.service.ts", "TypeScript", 0, 0, 80, 0, 0, 0, 0, 0, 0, 0, 1, 8, 89
"/Users/zerone/Documents/Coding/projectProp/apps/backend/src/modules/admin/admin-users.service.ts", "TypeScript", 0, 0, 94, 0, 0, 0, 0, 0, 0, 0, 1, 13, 108
"/Users/zerone/Documents/Coding/projectProp/apps/backend/src/modules/admin/admin-workspaces.service.ts", "TypeScript", 0, 0, 145, 0, 0, 0, 0, 0, 0, 0, 1, 11, 157
"/Users/zerone/Documents/Coding/projectProp/apps/backend/src/modules/admin/admin.controller.ts", "TypeScript", 0, 0, 179, 0, 0, 0, 0, 0, 0, 0, 8, 28, 215
"/Users/zerone/Documents/Coding/projectProp/apps/backend/src/modules/admin/admin.module.ts", "TypeScript", 0, 0, 23, 0, 0, 0, 0, 0, 0, 0, 0, 1, 24
"/Users/zerone/Documents/Coding/projectProp/apps/backend/src/modules/admin/admin.service.ts", "TypeScript", 0, 0, 353, 0, 0, 0, 0, 0, 0, 0, 36, 49, 438
"/Users/zerone/Documents/Coding/projectProp/apps/backend/src/modules/admin/health.service.ts", "TypeScript", 0, 0, 121, 0, 0, 0, 0, 0, 0, 0, 6, 17, 144
"/Users/zerone/Documents/Coding/projectProp/apps/backend/src/modules/agents/agents.controller.ts", "TypeScript", 0, 0, 76, 0, 0, 0, 0, 0, 0, 0, 18, 13, 107
"/Users/zerone/Documents/Coding/projectProp/apps/backend/src/modules/agents/agents.module.ts", "TypeScript", 0, 0, 10, 0, 0, 0, 0, 0, 0, 0, 0, 2, 12
"/Users/zerone/Documents/Coding/projectProp/apps/backend/src/modules/agents/agents.service.ts", "TypeScript", 0, 0, 267, 0, 0, 0, 0, 0, 0, 0, 28, 51, 346
"/Users/zerone/Documents/Coding/projectProp/apps/backend/src/modules/billing/billing.controller.ts", "TypeScript", 0, 0, 6, 0, 0, 0, 0, 0, 0, 0, 0, 1, 7
"/Users/zerone/Documents/Coding/projectProp/apps/backend/src/modules/billing/billing.module.ts", "TypeScript", 0, 0, 9, 0, 0, 0, 0, 0, 0, 0, 0, 1, 10
"/Users/zerone/Documents/Coding/projectProp/apps/backend/src/modules/billing/billing.service.ts", "TypeScript", 0, 0, 20, 0, 0, 0, 0, 0, 0, 0, 0, 6, 26
"/Users/zerone/Documents/Coding/projectProp/apps/backend/src/modules/billing/plans.config.ts", "TypeScript", 0, 0, 0, 0, 0, 0, 0, 0, 0, 0, 0, 1, 1
"/Users/zerone/Documents/Coding/projectProp/apps/backend/src/modules/clients/client-properties.controller.ts", "TypeScript", 0, 0, 25, 0, 0, 0, 0, 0, 0, 0, 0, 2, 27
"/Users/zerone/Documents/Coding/projectProp/apps/backend/src/modules/clients/clients.controller.ts", "TypeScript", 0, 0, 172, 0, 0, 0, 0, 0, 0, 0, 27, 35, 234
"/Users/zerone/Documents/Coding/projectProp/apps/backend/src/modules/clients/clients.module.ts", "TypeScript", 0, 0, 11, 0, 0, 0, 0, 0, 0, 0, 0, 2, 13
"/Users/zerone/Documents/Coding/projectProp/apps/backend/src/modules/clients/clients.service.ts", "TypeScript", 0, 0, 452, 0, 0, 0, 0, 0, 0, 0, 38, 103, 593
"/Users/zerone/Documents/Coding/projectProp/apps/backend/src/modules/clients/share-token.snippet.ts", "TypeScript", 0, 0, 0, 0, 0, 0, 0, 0, 0, 0, 0, 1, 1
"/Users/zerone/Documents/Coding/projectProp/apps/backend/src/modules/dashboard/dashboard.controller.ts", "TypeScript", 0, 0, 14, 0, 0, 0, 0, 0, 0, 0, 2, 3, 19
"/Users/zerone/Documents/Coding/projectProp/apps/backend/src/modules/dashboard/dashboard.service.ts", "TypeScript", 0, 0, 67, 0, 0, 0, 0, 0, 0, 0, 7, 14, 88
"/Users/zerone/Documents/Coding/projectProp/apps/backend/src/modules/deals/deals.controller.ts", "TypeScript", 0, 0, 63, 0, 0, 0, 0, 0, 0, 0, 6, 7, 76
"/Users/zerone/Documents/Coding/projectProp/apps/backend/src/modules/deals/deals.service.ts", "TypeScript", 0, 0, 285, 0, 0, 0, 0, 0, 0, 0, 13, 27, 325
"/Users/zerone/Documents/Coding/projectProp/apps/backend/src/modules/dedup/dedup.module.ts", "TypeScript", 0, 0, 9, 0, 0, 0, 0, 0, 0, 0, 1, 2, 12
"/Users/zerone/Documents/Coding/projectProp/apps/backend/src/modules/dedup/dedup.service.ts", "TypeScript", 0, 0, 188, 0, 0, 0, 0, 0, 0, 0, 33, 40, 261
"/Users/zerone/Documents/Coding/projectProp/apps/backend/src/modules/ingestion/ingestion.controller.ts", "TypeScript", 0, 0, 101, 0, 0, 0, 0, 0, 0, 0, 4, 19, 124
"/Users/zerone/Documents/Coding/projectProp/apps/backend/src/modules/ingestion/ingestion.module.ts", "TypeScript", 0, 0, 14, 0, 0, 0, 0, 0, 0, 0, 1, 1, 16
"/Users/zerone/Documents/Coding/projectProp/apps/backend/src/modules/ingestion/ingestion.service.ts", "TypeScript", 0, 0, 471, 0, 0, 0, 0, 0, 0, 0, 35, 96, 602
"/Users/zerone/Documents/Coding/projectProp/apps/backend/src/modules/ingestion/message-ingestion.service.ts", "TypeScript", 0, 0, 0, 0, 0, 0, 0, 0, 0, 0, 0, 1, 1
"/Users/zerone/Documents/Coding/projectProp/apps/backend/src/modules/listings/create-listing.dto.ts", "TypeScript", 0, 0, 73, 0, 0, 0, 0, 0, 0, 0, 1, 19, 93
"/Users/zerone/Documents/Coding/projectProp/apps/backend/src/modules/listings/listings.controller.ts", "TypeScript", 0, 0, 100, 0, 0, 0, 0, 0, 0, 0, 21, 12, 133
"/Users/zerone/Documents/Coding/projectProp/apps/backend/src/modules/listings/listings.module.ts", "TypeScript", 0, 0, 13, 0, 0, 0, 0, 0, 0, 0, 4, 2, 19
"/Users/zerone/Documents/Coding/projectProp/apps/backend/src/modules/listings/listings.service.ts", "TypeScript", 0, 0, 314, 0, 0, 0, 0, 0, 0, 0, 43, 50, 407
"/Users/zerone/Documents/Coding/projectProp/apps/backend/src/modules/media/media.controller.ts", "TypeScript", 0, 0, 62, 0, 0, 0, 0, 0, 0, 0, 12, 7, 81
"/Users/zerone/Documents/Coding/projectProp/apps/backend/src/modules/media/media.dto.ts", "TypeScript", 0, 0, 40, 0, 0, 0, 0, 0, 0, 0, 0, 14, 54
"/Users/zerone/Documents/Coding/projectProp/apps/backend/src/modules/media/media.module.ts", "TypeScript", 0, 0, 11, 0, 0, 0, 0, 0, 0, 0, 0, 1, 12
"/Users/zerone/Documents/Coding/projectProp/apps/backend/src/modules/media/media.service.ts", "TypeScript", 0, 0, 299, 0, 0, 0, 0, 0, 0, 0, 29, 57, 385
"/Users/zerone/Documents/Coding/projectProp/apps/backend/src/modules/messages/message-cache.service.ts", "TypeScript", 0, 0, 34, 0, 0, 0, 0, 0, 0, 0, 0, 8, 42
"/Users/zerone/Documents/Coding/projectProp/apps/backend/src/modules/messages/messages.controller.ts", "TypeScript", 0, 0, 27, 0, 0, 0, 0, 0, 0, 0, 1, 4, 32
"/Users/zerone/Documents/Coding/projectProp/apps/backend/src/modules/messages/messages.module.ts", "TypeScript", 0, 0, 11, 0, 0, 0, 0, 0, 0, 0, 0, 1, 12
"/Users/zerone/Documents/Coding/projectProp/apps/backend/src/modules/messages/messages.service.ts", "TypeScript", 0, 0, 14, 0, 0, 0, 0, 0, 0, 0, 1, 3, 18
"/Users/zerone/Documents/Coding/projectProp/apps/backend/src/modules/messages/pre-classifier.service.ts", "TypeScript", 0, 0, 116, 0, 0, 0, 0, 0, 0, 0, 1, 19, 136
"/Users/zerone/Documents/Coding/projectProp/apps/backend/src/modules/onboarding/onboarding.controller.ts", "TypeScript", 0, 0, 51, 0, 0, 0, 0, 0, 0, 0, 5, 12, 68
"/Users/zerone/Documents/Coding/projectProp/apps/backend/src/modules/onboarding/onboarding.module.ts", "TypeScript", 0, 0, 11, 0, 0, 0, 0, 0, 0, 0, 4, 3, 18
"/Users/zerone/Documents/Coding/projectProp/apps/backend/src/modules/onboarding/onboarding.service.ts", "TypeScript", 0, 0, 181, 0, 0, 0, 0, 0, 0, 0, 17, 31, 229
"/Users/zerone/Documents/Coding/projectProp/apps/backend/src/modules/pre-classifier.test.ts", "TypeScript", 0, 0, 10, 0, 0, 0, 0, 0, 0, 0, 6, 7, 23
"/Users/zerone/Documents/Coding/projectProp/apps/backend/src/modules/properties/dto/attach-agent.dto.ts", "TypeScript", 0, 0, 3, 0, 0, 0, 0, 0, 0, 0, 0, 1, 4
"/Users/zerone/Documents/Coding/projectProp/apps/backend/src/modules/properties/dto/create-lead.dto.ts", "TypeScript", 0, 0, 9, 0, 0, 0, 0, 0, 0, 0, 0, 3, 12
"/Users/zerone/Documents/Coding/projectProp/apps/backend/src/modules/properties/dto/list-properties-query.dto.ts", "TypeScript", 0, 0, 22, 0, 0, 0, 0, 0, 0, 0, 1, 6, 29
"/Users/zerone/Documents/Coding/projectProp/apps/backend/src/modules/properties/dto/update-lead.dto.ts", "TypeScript", 0, 0, 13, 0, 0, 0, 0, 0, 0, 0, 0, 4, 17
"/Users/zerone/Documents/Coding/projectProp/apps/backend/src/modules/properties/dto/update-property.dto.ts", "TypeScript", 0, 0, 71, 0, 0, 0, 0, 0, 0, 0, 3, 23, 97
"/Users/zerone/Documents/Coding/projectProp/apps/backend/src/modules/properties/dto/update-status.dto.ts", "TypeScript", 0, 0, 3, 0, 0, 0, 0, 0, 0, 0, 0, 0, 3
"/Users/zerone/Documents/Coding/projectProp/apps/backend/src/modules/properties/properties.controller.ts", "TypeScript", 0, 0, 128, 0, 0, 0, 0, 0, 0, 0, 24, 24, 176
"/Users/zerone/Documents/Coding/projectProp/apps/backend/src/modules/properties/properties.module.ts", "TypeScript", 0, 0, 12, 0, 0, 0, 0, 0, 0, 0, 0, 2, 14
"/Users/zerone/Documents/Coding/projectProp/apps/backend/src/modules/properties/properties.service.ts", "TypeScript", 0, 0, 863, 0, 0, 0, 0, 0, 0, 0, 88, 171, 1122
"/Users/zerone/Documents/Coding/projectProp/apps/backend/src/modules/properties/property-share.controller.ts", "TypeScript", 0, 0, 20, 0, 0, 0, 0, 0, 0, 0, 0, 3, 23
"/Users/zerone/Documents/Coding/projectProp/apps/backend/src/modules/properties/property-share.service.ts", "TypeScript", 0, 0, 27, 0, 0, 0, 0, 0, 0, 0, 0, 2, 29
"/Users/zerone/Documents/Coding/projectProp/apps/backend/src/modules/properties/tenantRules.ts", "TypeScript", 0, 0, 21, 0, 0, 0, 0, 0, 0, 0, 2, 6, 29
"/Users/zerone/Documents/Coding/projectProp/apps/backend/src/modules/public/public.controller.ts", "TypeScript", 0, 0, 34, 0, 0, 0, 0, 0, 0, 0, 15, 5, 54
"/Users/zerone/Documents/Coding/projectProp/apps/backend/src/modules/public/public.module.ts", "TypeScript", 0, 0, 10, 0, 0, 0, 0, 0, 0, 0, 0, 1, 11
"/Users/zerone/Documents/Coding/projectProp/apps/backend/src/modules/public/public.service.ts", "TypeScript", 0, 0, 114, 0, 0, 0, 0, 0, 0, 0, 3, 14, 131
"/Users/zerone/Documents/Coding/projectProp/apps/backend/src/modules/team/email.service.ts", "TypeScript", 0, 0, 141, 0, 0, 0, 0, 0, 0, 0, 26, 19, 186
"/Users/zerone/Documents/Coding/projectProp/apps/backend/src/modules/team/team.controller.ts", "TypeScript", 0, 0, 96, 0, 0, 0, 0, 0, 0, 0, 27, 16, 139
"/Users/zerone/Documents/Coding/projectProp/apps/backend/src/modules/team/team.module.ts", "TypeScript", 0, 0, 12, 0, 0, 0, 0, 0, 0, 0, 0, 1, 13
"/Users/zerone/Documents/Coding/projectProp/apps/backend/src/modules/team/team.service.ts", "TypeScript", 0, 0, 317, 0, 0, 0, 0, 0, 0, 0, 46, 62, 425
"/Users/zerone/Documents/Coding/projectProp/apps/backend/src/scripts/backfillAgentPropertyCount.ts", "TypeScript", 0, 0, 17, 0, 0, 0, 0, 0, 0, 0, 4, 5, 26
"/Users/zerone/Documents/Coding/projectProp/apps/backend/test/app.e2e-spec.ts", "TypeScript", 0, 0, 21, 0, 0, 0, 0, 0, 0, 0, 0, 5, 26
"/Users/zerone/Documents/Coding/projectProp/apps/backend/test/jest-e2e.json", "JSON", 0, 9, 0, 0, 0, 0, 0, 0, 0, 0, 0, 1, 10
"/Users/zerone/Documents/Coding/projectProp/apps/backend/tsconfig.build.json", "JSON", 0, 4, 0, 0, 0, 0, 0, 0, 0, 0, 0, 1, 5
"/Users/zerone/Documents/Coding/projectProp/apps/backend/tsconfig.json", "JSON with Comments", 0, 0, 0, 0, 0, 16, 0, 0, 0, 0, 0, 0, 16
"/Users/zerone/Documents/Coding/projectProp/apps/dashboard/README.md", "Markdown", 0, 0, 0, 0, 0, 0, 0, 23, 0, 0, 0, 14, 37
"/Users/zerone/Documents/Coding/projectProp/apps/dashboard/components.json", "JSON", 0, 22, 0, 0, 0, 0, 0, 0, 0, 0, 0, 1, 23
"/Users/zerone/Documents/Coding/projectProp/apps/dashboard/eslint.config.mjs", "JavaScript", 19, 0, 0, 0, 0, 0, 0, 0, 0, 0, 2, 1, 22
"/Users/zerone/Documents/Coding/projectProp/apps/dashboard/next.config.js", "JavaScript", 0, 0, 0, 0, 0, 0, 0, 0, 0, 0, 0, 1, 1
"/Users/zerone/Documents/Coding/projectProp/apps/dashboard/next.config.ts", "TypeScript", 0, 0, 12, 0, 0, 0, 0, 0, 0, 0, 0, 3, 15
"/Users/zerone/Documents/Coding/projectProp/apps/dashboard/package.json", "JSON", 0, 38, 0, 0, 0, 0, 0, 0, 0, 0, 0, 1, 39
"/Users/zerone/Documents/Coding/projectProp/apps/dashboard/postcss.config.js", "JavaScript", 6, 0, 0, 0, 0, 0, 0, 0, 0, 0, 0, 1, 7
"/Users/zerone/Documents/Coding/projectProp/apps/dashboard/postcss.config.mjs", "JavaScript", 6, 0, 0, 0, 0, 0, 0, 0, 0, 0, 0, 2, 8
"/Users/zerone/Documents/Coding/projectProp/apps/dashboard/public/file.svg", "XML", 0, 0, 0, 1, 0, 0, 0, 0, 0, 0, 0, 0, 1
"/Users/zerone/Documents/Coding/projectProp/apps/dashboard/public/globe.svg", "XML", 0, 0, 0, 1, 0, 0, 0, 0, 0, 0, 0, 0, 1
"/Users/zerone/Documents/Coding/projectProp/apps/dashboard/public/manifest.json", "JSON", 0, 21, 0, 0, 0, 0, 0, 0, 0, 0, 0, 0, 21
"/Users/zerone/Documents/Coding/projectProp/apps/dashboard/public/next.svg", "XML", 0, 0, 0, 1, 0, 0, 0, 0, 0, 0, 0, 0, 1
"/Users/zerone/Documents/Coding/projectProp/apps/dashboard/public/vercel.svg", "XML", 0, 0, 0, 1, 0, 0, 0, 0, 0, 0, 0, 0, 1
"/Users/zerone/Documents/Coding/projectProp/apps/dashboard/public/window.svg", "XML", 0, 0, 0, 1, 0, 0, 0, 0, 0, 0, 0, 0, 1
"/Users/zerone/Documents/Coding/projectProp/apps/dashboard/src/app/(auth)/login/page.tsx", "TypeScript JSX", 0, 0, 0, 0, 150, 0, 0, 0, 0, 0, 5, 21, 176
"/Users/zerone/Documents/Coding/projectProp/apps/dashboard/src/app/(auth)/register/page.tsx", "TypeScript JSX", 0, 0, 0, 0, 254, 0, 0, 0, 0, 0, 5, 18, 277
"/Users/zerone/Documents/Coding/projectProp/apps/dashboard/src/app/(dashboard)/admin/ingestion/page.tsx", "TypeScript JSX", 0, 0, 0, 0, 56, 0, 0, 0, 0, 0, 0, 6, 62
"/Users/zerone/Documents/Coding/projectProp/apps/dashboard/src/app/api/admin/[...path]/route.ts", "TypeScript", 0, 0, 49, 0, 0, 0, 0, 0, 0, 0, 15, 17, 81
"/Users/zerone/Documents/Coding/projectProp/apps/dashboard/src/app/api/agents/[agentId]/properties/route.ts", "TypeScript", 0, 0, 15, 0, 0, 0, 0, 0, 0, 0, 0, 6, 21
"/Users/zerone/Documents/Coding/projectProp/apps/dashboard/src/app/api/agents/[agentId]/route.ts", "TypeScript", 0, 0, 27, 0, 0, 0, 0, 0, 0, 0, 1, 7, 35
"/Users/zerone/Documents/Coding/projectProp/apps/dashboard/src/app/api/agents/route.ts", "TypeScript", 0, 0, 31, 0, 0, 0, 0, 0, 0, 0, 0, 6, 37
"/Users/zerone/Documents/Coding/projectProp/apps/dashboard/src/app/api/auth/[...path]/route.ts", "TypeScript", 0, 0, 31, 0, 0, 0, 0, 0, 0, 0, 2, 3, 36
"/Users/zerone/Documents/Coding/projectProp/apps/dashboard/src/app/api/clients/[id]/route.ts", "TypeScript", 0, 0, 23, 0, 0, 0, 0, 0, 0, 0, 0, 4, 27
"/Users/zerone/Documents/Coding/projectProp/apps/dashboard/src/app/api/clients/[id]/share-token/route.ts", "TypeScript", 0, 0, 17, 0, 0, 0, 0, 0, 0, 0, 0, 3, 20
"/Users/zerone/Documents/Coding/projectProp/apps/dashboard/src/app/api/clients/client-property/[id]/follow-up/route.ts", "TypeScript", 0, 0, 37, 0, 0, 0, 0, 0, 0, 0, 0, 6, 43
"/Users/zerone/Documents/Coding/projectProp/apps/dashboard/src/app/api/clients/client-property/[id]/whatsapp-draft/route.ts", "TypeScript", 0, 0, 27, 0, 0, 0, 0, 0, 0, 0, 0, 6, 33
"/Users/zerone/Documents/Coding/projectProp/apps/dashboard/src/app/api/clients/client-property/[id]/whatsapp-sent/route.ts", "TypeScript", 0, 0, 28, 0, 0, 0, 0, 0, 0, 0, 0, 6, 34
"/Users/zerone/Documents/Coding/projectProp/apps/dashboard/src/app/api/clients/follow-ups/today/route.ts", "TypeScript", 0, 0, 12, 0, 0, 0, 0, 0, 0, 0, 0, 4, 16
"/Users/zerone/Documents/Coding/projectProp/apps/dashboard/src/app/api/clients/follow-ups/upcoming/route.ts", "TypeScript", 0, 0, 12, 0, 0, 0, 0, 0, 0, 0, 0, 4, 16
"/Users/zerone/Documents/Coding/projectProp/apps/dashboard/src/app/api/clients/leads/route.ts", "TypeScript", 0, 0, 24, 0, 0, 0, 0, 0, 0, 0, 0, 4, 28
"/Users/zerone/Documents/Coding/projectProp/apps/dashboard/src/app/api/clients/property-ai-dashboard/src/components/v2/clients/ClientFollowUp.tsx", "TypeScript JSX", 0, 0, 0, 0, 35, 0, 0, 0, 0, 0, 0, 6, 41
"/Users/zerone/Documents/Coding/projectProp/apps/dashboard/src/app/api/clients/share-token-by-phone/route.ts", "TypeScript", 0, 0, 13, 0, 0, 0, 0, 0, 0, 0, 0, 3, 16
"/Users/zerone/Documents/Coding/projectProp/apps/dashboard/src/app/api/deals/[...path]/route.ts", "TypeScript", 0, 0, 27, 0, 0, 0, 0, 0, 0, 0, 1, 4, 32
"/Users/zerone/Documents/Coding/projectProp/apps/dashboard/src/app/api/deals/route.ts", "TypeScript", 0, 0, 24, 0, 0, 0, 0, 0, 0, 0, 0, 4, 28
"/Users/zerone/Documents/Coding/projectProp/apps/dashboard/src/app/api/ingestion/[...path]/route.ts", "TypeScript", 0, 0, 33, 0, 0, 0, 0, 0, 0, 0, 0, 3, 36
"/Users/zerone/Documents/Coding/projectProp/apps/dashboard/src/app/api/media/[...path]/route.ts", "TypeScript", 0, 0, 54, 0, 0, 0, 0, 0, 0, 0, 0, 9, 63
"/Users/zerone/Documents/Coding/projectProp/apps/dashboard/src/app/api/media/route.ts", "TypeScript", 0, 0, 22, 0, 0, 0, 0, 0, 0, 0, 0, 4, 26
"/Users/zerone/Documents/Coding/projectProp/apps/dashboard/src/app/api/onboarding/[...path]/route.ts", "TypeScript", 0, 0, 33, 0, 0, 0, 0, 0, 0, 0, 1, 8, 42
"/Users/zerone/Documents/Coding/projectProp/apps/dashboard/src/app/api/properties/[id]/activities/route.ts", "TypeScript", 0, 0, 28, 0, 0, 0, 0, 0, 0, 0, 0, 6, 34
"/Users/zerone/Documents/Coding/projectProp/apps/dashboard/src/app/api/properties/[id]/agents/[agentId]/route.ts", "TypeScript", 0, 0, 27, 0, 0, 0, 0, 0, 0, 0, 0, 7, 34
"/Users/zerone/Documents/Coding/projectProp/apps/dashboard/src/app/api/properties/[id]/attach-agent/route.ts", "TypeScript", 0, 0, 40, 0, 0, 0, 0, 0, 0, 0, 0, 7, 47
"/Users/zerone/Documents/Coding/projectProp/apps/dashboard/src/app/api/properties/[id]/availability/route.ts", "TypeScript", 0, 0, 36, 0, 0, 0, 0, 0, 0, 0, 1, 6, 43
"/Users/zerone/Documents/Coding/projectProp/apps/dashboard/src/app/api/properties/[id]/leads/route.ts", "TypeScript", 0, 0, 25, 0, 0, 0, 0, 0, 0, 0, 0, 6, 31
"/Users/zerone/Documents/Coding/projectProp/apps/dashboard/src/app/api/properties/[id]/neighbors/route.ts", "TypeScript", 0, 0, 30, 0, 0, 0, 0, 0, 0, 0, 0, 6, 36
"/Users/zerone/Documents/Coding/projectProp/apps/dashboard/src/app/api/properties/[id]/route.ts", "TypeScript", 0, 0, 55, 0, 0, 0, 0, 0, 0, 0, 6, 12, 73
"/Users/zerone/Documents/Coding/projectProp/apps/dashboard/src/app/api/properties/[id]/share/route.ts", "TypeScript", 0, 0, 17, 0, 0, 0, 0, 0, 0, 0, 0, 3, 20
"/Users/zerone/Documents/Coding/projectProp/apps/dashboard/src/app/api/properties/route.ts", "TypeScript", 0, 0, 15, 0, 0, 0, 0, 0, 0, 0, 0, 5, 20
"/Users/zerone/Documents/Coding/projectProp/apps/dashboard/src/app/api/public/share/[token]/respond/route.ts", "TypeScript", 0, 0, 16, 0, 0, 0, 0, 0, 0, 0, 0, 2, 18
"/Users/zerone/Documents/Coding/projectProp/apps/dashboard/src/app/api/public/share/[token]/route.ts", "TypeScript", 0, 0, 13, 0, 0, 0, 0, 0, 0, 0, 0, 2, 15
"/Users/zerone/Documents/Coding/projectProp/apps/dashboard/src/app/api/team/[...path]/route.ts", "TypeScript", 0, 0, 20, 0, 0, 0, 0, 0, 0, 0, 0, 6, 26
"/Users/zerone/Documents/Coding/projectProp/apps/dashboard/src/app/api/team/route.ts", "TypeScript", 0, 0, 19, 0, 0, 0, 0, 0, 0, 0, 0, 3, 22
"/Users/zerone/Documents/Coding/projectProp/apps/dashboard/src/app/followups/page.tsx", "TypeScript JSX", 0, 0, 0, 0, 81, 0, 0, 0, 0, 0, 0, 22, 103
"/Users/zerone/Documents/Coding/projectProp/apps/dashboard/src/app/forgot-password/page.tsx", "TypeScript JSX", 0, 0, 0, 0, 65, 0, 0, 0, 0, 0, 0, 3, 68
"/Users/zerone/Documents/Coding/projectProp/apps/dashboard/src/app/globals.css", "PostCSS", 0, 0, 0, 0, 0, 0, 94, 0, 0, 0, 45, 11, 150
"/Users/zerone/Documents/Coding/projectProp/apps/dashboard/src/app/invites/accept/page.tsx", "TypeScript JSX", 0, 0, 0, 0, 164, 0, 0, 0, 0, 0, 1, 22, 187
"/Users/zerone/Documents/Coding/projectProp/apps/dashboard/src/app/layout.tsx", "TypeScript JSX", 0, 0, 0, 0, 28, 0, 0, 0, 0, 0, 8, 7, 43
"/Users/zerone/Documents/Coding/projectProp/apps/dashboard/src/app/onboarding/OnboardingFlow.tsx", "TypeScript JSX", 0, 0, 0, 0, 352, 0, 0, 0, 0, 0, 14, 33, 399
"/Users/zerone/Documents/Coding/projectProp/apps/dashboard/src/app/onboarding/page.tsx", "TypeScript JSX", 0, 0, 0, 0, 43, 0, 0, 0, 0, 0, 11, 9, 63
"/Users/zerone/Documents/Coding/projectProp/apps/dashboard/src/app/page.tsx", "TypeScript JSX", 0, 0, 0, 0, 670, 0, 0, 0, 0, 0, 6, 18, 694
"/Users/zerone/Documents/Coding/projectProp/apps/dashboard/src/app/properties/page.tsx", "TypeScript JSX", 0, 0, 0, 0, 147, 0, 0, 0, 0, 0, 15, 30, 192
"/Users/zerone/Documents/Coding/projectProp/apps/dashboard/src/app/providers.tsx", "TypeScript JSX", 0, 0, 0, 0, 6, 0, 0, 0, 0, 0, 0, 3, 9
"/Users/zerone/Documents/Coding/projectProp/apps/dashboard/src/app/reset-password/page.tsx", "TypeScript JSX", 0, 0, 0, 0, 87, 0, 0, 0, 0, 0, 0, 4, 91
"/Users/zerone/Documents/Coding/projectProp/apps/dashboard/src/app/share/[token]/MediaCarousel.tsx", "TypeScript JSX", 0, 0, 0, 0, 98, 0, 0, 0, 0, 0, 6, 15, 119
"/Users/zerone/Documents/Coding/projectProp/apps/dashboard/src/app/share/[token]/SharePortalClient.tsx", "TypeScript JSX", 0, 0, 0, 0, 570, 0, 0, 0, 0, 0, 27, 52, 649
"/Users/zerone/Documents/Coding/projectProp/apps/dashboard/src/app/share/[token]/page.tsx", "TypeScript JSX", 0, 0, 0, 0, 95, 0, 0, 0, 0, 0, 7, 15, 117
"/Users/zerone/Documents/Coding/projectProp/apps/dashboard/src/app/team/page.tsx", "TypeScript JSX", 0, 0, 0, 0, 102, 0, 0, 0, 0, 0, 5, 23, 130
"/Users/zerone/Documents/Coding/projectProp/apps/dashboard/src/app/test/page.tsx", "TypeScript JSX", 0, 0, 0, 0, 3, 0, 0, 0, 0, 0, 0, 0, 3
"/Users/zerone/Documents/Coding/projectProp/apps/dashboard/src/app/v2/admin/audit/AdminAuditClient.tsx", "TypeScript JSX", 0, 0, 0, 0, 231, 0, 0, 0, 0, 0, 20, 27, 278
"/Users/zerone/Documents/Coding/projectProp/apps/dashboard/src/app/v2/admin/audit/page.tsx", "TypeScript JSX", 0, 0, 0, 0, 25, 0, 0, 0, 0, 0, 1, 4, 30
"/Users/zerone/Documents/Coding/projectProp/apps/dashboard/src/app/v2/admin/health/page.tsx", "TypeScript JSX", 0, 0, 0, 0, 263, 0, 0, 0, 0, 0, 10, 23, 296
"/Users/zerone/Documents/Coding/projectProp/apps/dashboard/src/app/v2/admin/ingestion/page.tsx", "TypeScript JSX", 0, 0, 0, 0, 393, 0, 0, 0, 0, 0, 2, 34, 429
"/Users/zerone/Documents/Coding/projectProp/apps/dashboard/src/app/v2/admin/layout.tsx", "TypeScript JSX", 0, 0, 0, 0, 62, 0, 0, 0, 0, 0, 16, 8, 86
"/Users/zerone/Documents/Coding/projectProp/apps/dashboard/src/app/v2/admin/page.tsx", "TypeScript JSX", 0, 0, 0, 0, 233, 0, 0, 0, 0, 0, 15, 19, 267
"/Users/zerone/Documents/Coding/projectProp/apps/dashboard/src/app/v2/admin/properties/AdminPropertiesClient.tsx", "TypeScript JSX", 0, 0, 0, 0, 291, 0, 0, 0, 0, 0, 4, 30, 325
"/Users/zerone/Documents/Coding/projectProp/apps/dashboard/src/app/v2/admin/properties/[id]/VerifyButton.tsx", "TypeScript JSX", 0, 0, 0, 0, 30, 0, 0, 0, 0, 0, 1, 5, 36
"/Users/zerone/Documents/Coding/projectProp/apps/dashboard/src/app/v2/admin/properties/[id]/page.tsx", "TypeScript JSX", 0, 0, 0, 0, 413, 0, 0, 0, 0, 0, 17, 43, 473
"/Users/zerone/Documents/Coding/projectProp/apps/dashboard/src/app/v2/admin/properties/page.tsx", "TypeScript JSX", 0, 0, 0, 0, 58, 0, 0, 0, 0, 0, 4, 9, 71
"/Users/zerone/Documents/Coding/projectProp/apps/dashboard/src/app/v2/admin/subscriptions/AdminSubscriptionsClient.tsx", "TypeScript JSX", 0, 0, 0, 0, 216, 0, 0, 0, 0, 0, 2, 23, 241
"/Users/zerone/Documents/Coding/projectProp/apps/dashboard/src/app/v2/admin/subscriptions/page.tsx", "TypeScript JSX", 0, 0, 0, 0, 26, 0, 0, 0, 0, 0, 1, 4, 31
"/Users/zerone/Documents/Coding/projectProp/apps/dashboard/src/app/v2/admin/users/AdminUsersClient.tsx", "TypeScript JSX", 0, 0, 0, 0, 244, 0, 0, 0, 0, 0, 4, 25, 273
"/Users/zerone/Documents/Coding/projectProp/apps/dashboard/src/app/v2/admin/users/page.tsx", "TypeScript JSX", 0, 0, 0, 0, 22, 0, 0, 0, 0, 0, 1, 3, 26
"/Users/zerone/Documents/Coding/projectProp/apps/dashboard/src/app/v2/admin/workspaces/AdminWorkspacesClient.tsx", "TypeScript JSX", 0, 0, 0, 0, 314, 0, 0, 0, 0, 0, 11, 33, 358
"/Users/zerone/Documents/Coding/projectProp/apps/dashboard/src/app/v2/admin/workspaces/[id]/page.tsx", "TypeScript JSX", 0, 0, 0, 0, 263, 0, 0, 0, 0, 0, 9, 24, 296
"/Users/zerone/Documents/Coding/projectProp/apps/dashboard/src/app/v2/admin/workspaces/page.tsx", "TypeScript JSX", 0, 0, 0, 0, 29, 0, 0, 0, 0, 0, 1, 4, 34
"/Users/zerone/Documents/Coding/projectProp/apps/dashboard/src/app/v2/agents/AgentList.tsx", "TypeScript JSX", 0, 0, 0, 0, 168, 0, 0, 0, 0, 0, 19, 22, 209
"/Users/zerone/Documents/Coding/projectProp/apps/dashboard/src/app/v2/agents/[agentId]/page.tsx", "TypeScript JSX", 0, 0, 0, 0, 191, 0, 0, 0, 0, 0, 16, 21, 228
"/Users/zerone/Documents/Coding/projectProp/apps/dashboard/src/app/v2/agents/page.tsx", "TypeScript JSX", 0, 0, 0, 0, 27, 0, 0, 0, 0, 0, 1, 1, 29
"/Users/zerone/Documents/Coding/projectProp/apps/dashboard/src/app/v2/clients/ClientPropertiesGrid.tsx", "TypeScript JSX", 0, 0, 0, 0, 77, 0, 0, 0, 0, 0, 4, 8, 89
"/Users/zerone/Documents/Coding/projectProp/apps/dashboard/src/app/v2/clients/ClientPropertiesTable.tsx", "TypeScript JSX", 0, 0, 0, 0, 89, 0, 0, 0, 0, 0, 6, 12, 107
"/Users/zerone/Documents/Coding/projectProp/apps/dashboard/src/app/v2/clients/[id]/page.tsx", "TypeScript JSX", 0, 0, 0, 0, 292, 0, 0, 0, 0, 0, 361, 111, 764
"/Users/zerone/Documents/Coding/projectProp/apps/dashboard/src/app/v2/dashboard/page.tsx", "TypeScript JSX", 0, 0, 0, 0, 328, 0, 0, 0, 0, 0, 423, 122, 873
"/Users/zerone/Documents/Coding/projectProp/apps/dashboard/src/app/v2/deals/[id]/page.tsx", "TypeScript JSX", 0, 0, 0, 0, 355, 0, 0, 0, 0, 0, 11, 34, 400
"/Users/zerone/Documents/Coding/projectProp/apps/dashboard/src/app/v2/deals/page.tsx", "TypeScript JSX", 0, 0, 0, 0, 145, 0, 0, 0, 0, 0, 10, 22, 177
"/Users/zerone/Documents/Coding/projectProp/apps/dashboard/src/app/v2/groups/page.tsx", "TypeScript JSX", 0, 0, 0, 0, 318, 0, 0, 0, 0, 0, 9, 32, 359
"/Users/zerone/Documents/Coding/projectProp/apps/dashboard/src/app/v2/layout.tsx", "TypeScript JSX", 0, 0, 0, 0, 5, 0, 0, 0, 0, 0, 0, 2, 7
"/Users/zerone/Documents/Coding/projectProp/apps/dashboard/src/app/v2/leads/page.tsx", "TypeScript JSX", 0, 0, 0, 0, 337, 0, 0, 0, 0, 0, 1008, 193, 1538
"/Users/zerone/Documents/Coding/projectProp/apps/dashboard/src/app/v2/properties/AddPropertyModal.tsx", "TypeScript JSX", 0, 0, 0, 0, 452, 0, 0, 0, 0, 0, 20, 36, 508
"/Users/zerone/Documents/Coding/projectProp/apps/dashboard/src/app/v2/properties/PropertiesClient.tsx", "TypeScript JSX", 0, 0, 0, 0, 378, 0, 0, 0, 0, 0, 16, 30, 424
"/Users/zerone/Documents/Coding/projectProp/apps/dashboard/src/app/v2/properties/PropertiesPageClient.tsx", "TypeScript JSX", 0, 0, 0, 0, 73, 0, 0, 0, 0, 0, 0, 8, 81
"/Users/zerone/Documents/Coding/projectProp/apps/dashboard/src/app/v2/properties/PropertyFilters.tsx", "TypeScript JSX", 0, 0, 0, 0, 397, 0, 0, 0, 0, 0, 40, 49, 486
"/Users/zerone/Documents/Coding/projectProp/apps/dashboard/src/app/v2/properties/[id]/page.tsx", "TypeScript JSX", 0, 0, 0, 0, 156, 0, 0, 0, 0, 0, 17, 26, 199
"/Users/zerone/Documents/Coding/projectProp/apps/dashboard/src/app/v2/properties/new/page.tsx", "TypeScript JSX", 0, 0, 0, 0, 342, 0, 0, 0, 0, 0, 20, 37, 399
"/Users/zerone/Documents/Coding/projectProp/apps/dashboard/src/app/v2/properties/page.tsx", "TypeScript JSX", 0, 0, 0, 0, 9, 0, 0, 0, 0, 0, 0, 1, 10
"/Users/zerone/Documents/Coding/projectProp/apps/dashboard/src/app/v2/team/page.tsx", "TypeScript JSX", 0, 0, 0, 0, 305, 0, 0, 0, 0, 0, 4, 21, 330
"/Users/zerone/Documents/Coding/projectProp/apps/dashboard/src/app/v2/visits/page.tsx", "TypeScript JSX", 0, 0, 0, 0, 23, 0, 0, 0, 0, 0, 0, 3, 26
"/Users/zerone/Documents/Coding/projectProp/apps/dashboard/src/app/verify-email/page.tsx", "TypeScript JSX", 0, 0, 0, 0, 64, 0, 0, 0, 0, 0, 0, 4, 68
"/Users/zerone/Documents/Coding/projectProp/apps/dashboard/src/components/ActivityLog.tsx", "TypeScript JSX", 0, 0, 0, 0, 172, 0, 0, 0, 0, 0, 8, 43, 223
"/Users/zerone/Documents/Coding/projectProp/apps/dashboard/src/components/LeadActionPanel.tsx", "TypeScript JSX", 0, 0, 0, 0, 102, 0, 0, 0, 0, 0, 2, 17, 121
"/Users/zerone/Documents/Coding/projectProp/apps/dashboard/src/components/LeadDrawer.tsx", "TypeScript JSX", 0, 0, 0, 0, 81, 0, 0, 0, 0, 0, 0, 16, 97
"/Users/zerone/Documents/Coding/projectProp/apps/dashboard/src/components/LeadsSection.tsx", "TypeScript JSX", 0, 0, 0, 0, 115, 0, 0, 0, 0, 0, 1, 18, 134
"/Users/zerone/Documents/Coding/projectProp/apps/dashboard/src/components/PropertyEditDrawer.tsx", "TypeScript JSX", 0, 0, 0, 0, 128, 0, 0, 0, 0, 0, 58, 30, 216
"/Users/zerone/Documents/Coding/projectProp/apps/dashboard/src/components/PropertyStatusActions.tsx", "TypeScript JSX", 0, 0, 0, 0, 65, 0, 0, 0, 0, 0, 1, 9, 75
"/Users/zerone/Documents/Coding/projectProp/apps/dashboard/src/components/PropertyTable.tsx", "TypeScript JSX", 0, 0, 0, 0, 125, 0, 0, 0, 0, 0, 8, 19, 152
"/Users/zerone/Documents/Coding/projectProp/apps/dashboard/src/components/PropertyViewDrawer.tsx", "TypeScript JSX", 0, 0, 0, 0, 200, 0, 0, 0, 0, 0, 13, 29, 242
"/Users/zerone/Documents/Coding/projectProp/apps/dashboard/src/components/SharePropertyModal.tsx", "TypeScript JSX", 0, 0, 0, 0, 134, 0, 0, 0, 0, 0, 13, 24, 171
"/Users/zerone/Documents/Coding/projectProp/apps/dashboard/src/components/StatusBadge.tsx", "TypeScript JSX", 0, 0, 0, 0, 7, 0, 0, 0, 0, 0, 0, 2, 9
"/Users/zerone/Documents/Coding/projectProp/apps/dashboard/src/components/property/PropertyEditDrawer.tsx", "TypeScript JSX", 0, 0, 0, 0, 13, 0, 0, 0, 0, 0, 0, 5, 18
"/Users/zerone/Documents/Coding/projectProp/apps/dashboard/src/components/ui/badge.tsx", "TypeScript JSX", 0, 0, 0, 0, 41, 0, 0, 0, 0, 0, 0, 6, 47
"/Users/zerone/Documents/Coding/projectProp/apps/dashboard/src/components/ui/button.tsx", "TypeScript JSX", 0, 0, 0, 0, 57, 0, 0, 0, 0, 0, 0, 6, 63
"/Users/zerone/Documents/Coding/projectProp/apps/dashboard/src/components/ui/table.tsx", "TypeScript JSX", 0, 0, 0, 0, 105, 0, 0, 0, 0, 0, 0, 12, 117
"/Users/zerone/Documents/Coding/projectProp/apps/dashboard/src/components/v2/agents/AgentHeader.tsx", "TypeScript JSX", 0, 0, 0, 0, 0, 0, 0, 0, 0, 0, 0, 1, 1
"/Users/zerone/Documents/Coding/projectProp/apps/dashboard/src/components/v2/agents/AgentListTable.tsx", "TypeScript JSX", 0, 0, 0, 0, 151, 0, 0, 0, 0, 0, 16, 16, 183
"/Users/zerone/Documents/Coding/projectProp/apps/dashboard/src/components/v2/agents/AgentMergeButton.tsx", "TypeScript JSX", 0, 0, 0, 0, 31, 0, 0, 0, 0, 0, 0, 5, 36
"/Users/zerone/Documents/Coding/projectProp/apps/dashboard/src/components/v2/agents/AgentMergeModal.tsx", "TypeScript JSX", 0, 0, 0, 0, 237, 0, 0, 0, 0, 0, 19, 24, 280
"/Users/zerone/Documents/Coding/projectProp/apps/dashboard/src/components/v2/agents/AgentPropertiesSection.tsx", "TypeScript JSX", 0, 0, 0, 0, 139, 0, 0, 0, 0, 0, 27, 26, 192
"/Users/zerone/Documents/Coding/projectProp/apps/dashboard/src/components/v2/agents/EditAgentButton.tsx", "TypeScript JSX", 0, 0, 0, 0, 30, 0, 0, 0, 0, 0, 0, 5, 35
"/Users/zerone/Documents/Coding/projectProp/apps/dashboard/src/components/v2/agents/EditAgentModal.tsx", "TypeScript JSX", 0, 0, 0, 0, 161, 0, 0, 0, 0, 0, 4, 18, 183
"/Users/zerone/Documents/Coding/projectProp/apps/dashboard/src/components/v2/cards/PropertyCard.tsx", "TypeScript JSX", 0, 0, 0, 0, 212, 0, 0, 0, 0, 0, 234, 67, 513
"/Users/zerone/Documents/Coding/projectProp/apps/dashboard/src/components/v2/cards/StatCard.tsx", "TypeScript JSX", 0, 0, 0, 0, 25, 0, 0, 0, 0, 0, 0, 4, 29
"/Users/zerone/Documents/Coding/projectProp/apps/dashboard/src/components/v2/cards/TeamMemberCard.tsx", "TypeScript JSX", 0, 0, 0, 0, 27, 0, 0, 0, 0, 0, 0, 4, 31
"/Users/zerone/Documents/Coding/projectProp/apps/dashboard/src/components/v2/clients/ClientAssignDropdown.tsx", "TypeScript JSX", 0, 0, 0, 0, 141, 0, 0, 0, 0, 0, 7, 17, 165
"/Users/zerone/Documents/Coding/projectProp/apps/dashboard/src/components/v2/clients/ClientAssignSection.tsx", "TypeScript JSX", 0, 0, 0, 0, 23, 0, 0, 0, 0, 0, 5, 4, 32
"/Users/zerone/Documents/Coding/projectProp/apps/dashboard/src/components/v2/clients/ClientDetailInteractive.tsx", "TypeScript JSX", 0, 0, 0, 0, 41, 0, 0, 0, 0, 0, 3, 6, 50
"/Users/zerone/Documents/Coding/projectProp/apps/dashboard/src/components/v2/clients/ClientFollowUp.tsx", "TypeScript JSX", 0, 0, 0, 0, 82, 0, 0, 0, 0, 0, 5, 11, 98
"/Users/zerone/Documents/Coding/projectProp/apps/dashboard/src/components/v2/clients/ClientFollowUpSection.tsx", "TypeScript JSX", 0, 0, 0, 0, 67, 0, 0, 0, 0, 0, 0, 6, 73
"/Users/zerone/Documents/Coding/projectProp/apps/dashboard/src/components/v2/clients/ClientNotes.tsx", "TypeScript JSX", 0, 0, 0, 0, 101, 0, 0, 0, 0, 0, 3, 9, 113
"/Users/zerone/Documents/Coding/projectProp/apps/dashboard/src/components/v2/clients/ClientPropertiesTabs.tsx", "TypeScript JSX", 0, 0, 0, 0, 255, 0, 0, 0, 0, 0, 9, 34, 298
"/Users/zerone/Documents/Coding/projectProp/apps/dashboard/src/components/v2/clients/ClientPropertyActions.tsx", "TypeScript JSX", 0, 0, 0, 0, 79, 0, 0, 0, 0, 0, 3, 9, 91
"/Users/zerone/Documents/Coding/projectProp/apps/dashboard/src/components/v2/clients/ClientStartDealButton.tsx", "TypeScript JSX", 0, 0, 0, 0, 35, 0, 0, 0, 0, 0, 0, 4, 39
"/Users/zerone/Documents/Coding/projectProp/apps/dashboard/src/components/v2/clients/ClientTimeline.tsx", "TypeScript JSX", 0, 0, 0, 0, 79, 0, 0, 0, 0, 0, 3, 11, 93
"/Users/zerone/Documents/Coding/projectProp/apps/dashboard/src/components/v2/clients/ClientWhatsAppAction.tsx", "TypeScript JSX", 0, 0, 0, 0, 76, 0, 0, 0, 0, 0, 17, 25, 118
"/Users/zerone/Documents/Coding/projectProp/apps/dashboard/src/components/v2/clients/ClientWhatsappDraft.tsx", "TypeScript JSX", 0, 0, 0, 0, 70, 0, 0, 0, 0, 0, 2, 10, 82
"/Users/zerone/Documents/Coding/projectProp/apps/dashboard/src/components/v2/clients/CreateClientModal.tsx", "TypeScript JSX", 0, 0, 0, 0, 118, 0, 0, 0, 0, 0, 3, 13, 134
"/Users/zerone/Documents/Coding/projectProp/apps/dashboard/src/components/v2/clients/ShareButton.tsx", "TypeScript JSX", 0, 0, 0, 0, 33, 0, 0, 0, 0, 0, 0, 5, 38
"/Users/zerone/Documents/Coding/projectProp/apps/dashboard/src/components/v2/clients/ShareTokenModal.tsx", "TypeScript JSX", 0, 0, 0, 0, 203, 0, 0, 0, 0, 0, 19, 26, 248
"/Users/zerone/Documents/Coding/projectProp/apps/dashboard/src/components/v2/clients/WhatsAppAction.tsx", "TypeScript JSX", 0, 0, 0, 0, 42, 0, 0, 0, 0, 0, 0, 5, 47
"/Users/zerone/Documents/Coding/projectProp/apps/dashboard/src/components/v2/clients/WhatsAppChooser.tsx", "TypeScript JSX", 0, 0, 0, 0, 51, 0, 0, 0, 0, 0, 2, 11, 64
"/Users/zerone/Documents/Coding/projectProp/apps/dashboard/src/components/v2/clients/WhatsAppDraftModal.tsx", "TypeScript JSX", 0, 0, 0, 0, 185, 0, 0, 0, 0, 0, 16, 20, 221
"/Users/zerone/Documents/Coding/projectProp/apps/dashboard/src/components/v2/deals/StartDealButton.tsx", "TypeScript JSX", 0, 0, 0, 0, 28, 0, 0, 0, 0, 0, 3, 6, 37
"/Users/zerone/Documents/Coding/projectProp/apps/dashboard/src/components/v2/deals/StartDealModal.tsx", "TypeScript JSX", 0, 0, 0, 0, 158, 0, 0, 0, 0, 0, 13, 15, 186
"/Users/zerone/Documents/Coding/projectProp/apps/dashboard/src/components/v2/layout/AppShell.tsx", "TypeScript JSX", 0, 0, 0, 0, 31, 0, 0, 0, 0, 0, 1, 6, 38
"/Users/zerone/Documents/Coding/projectProp/apps/dashboard/src/components/v2/layout/PageContainer.tsx", "TypeScript JSX", 0, 0, 0, 0, 19, 0, 0, 0, 0, 0, 9, 4, 32
"/Users/zerone/Documents/Coding/projectProp/apps/dashboard/src/components/v2/layout/PageHeader.tsx", "TypeScript JSX", 0, 0, 0, 0, 25, 0, 0, 0, 0, 0, 0, 1, 26
"/Users/zerone/Documents/Coding/projectProp/apps/dashboard/src/components/v2/layout/Sidebar.tsx", "TypeScript JSX", 0, 0, 0, 0, 167, 0, 0, 0, 0, 0, 24, 19, 210
"/Users/zerone/Documents/Coding/projectProp/apps/dashboard/src/components/v2/layout/SidebarItem.tsx", "TypeScript JSX", 0, 0, 0, 0, 43, 0, 0, 0, 0, 0, 1, 6, 50
"/Users/zerone/Documents/Coding/projectProp/apps/dashboard/src/components/v2/layout/UserProfileCard.tsx", "TypeScript JSX", 0, 0, 0, 0, 78, 0, 0, 0, 0, 0, 7, 11, 96
"/Users/zerone/Documents/Coding/projectProp/apps/dashboard/src/components/v2/messages/ManualMessageModal.tsx", "TypeScript JSX", 0, 0, 0, 0, 177, 0, 0, 0, 0, 0, 12, 18, 207
"/Users/zerone/Documents/Coding/projectProp/apps/dashboard/src/components/v2/navigation/BackButton.tsx", "TypeScript JSX", 0, 0, 0, 0, 15, 0, 0, 0, 0, 0, 0, 1, 16
"/Users/zerone/Documents/Coding/projectProp/apps/dashboard/src/components/v2/property/DeletePropertyButton.tsx", "TypeScript JSX", 0, 0, 0, 0, 92, 0, 0, 0, 0, 0, 3, 10, 105
"/Users/zerone/Documents/Coding/projectProp/apps/dashboard/src/components/v2/property/MediaGallery.tsx", "TypeScript JSX", 0, 0, 0, 0, 502, 0, 0, 0, 0, 0, 36, 53, 591
"/Users/zerone/Documents/Coding/projectProp/apps/dashboard/src/components/v2/property/PasteMessageButton.tsx", "TypeScript JSX", 0, 0, 0, 0, 29, 0, 0, 0, 0, 0, 1, 4, 34
"/Users/zerone/Documents/Coding/projectProp/apps/dashboard/src/components/v2/property/PropertyActivityTimeline.tsx", "TypeScript JSX", 0, 0, 0, 0, 152, 0, 0, 0, 0, 0, 8, 19, 179
"/Users/zerone/Documents/Coding/projectProp/apps/dashboard/src/components/v2/property/PropertyAgentsTable.tsx", "TypeScript JSX", 0, 0, 0, 0, 160, 0, 0, 0, 0, 0, 19, 22, 201
"/Users/zerone/Documents/Coding/projectProp/apps/dashboard/src/components/v2/property/PropertyDetails.tsx", "TypeScript JSX", 0, 0, 0, 0, 273, 0, 0, 0, 0, 0, 19, 31, 323
"/Users/zerone/Documents/Coding/projectProp/apps/dashboard/src/components/v2/property/PropertyHeader.tsx", "TypeScript JSX", 0, 0, 0, 0, 126, 0, 0, 0, 0, 0, 19, 14, 159
"/Users/zerone/Documents/Coding/projectProp/apps/dashboard/src/components/v2/property/PropertyLeadsDropdown.tsx", "TypeScript JSX", 0, 0, 0, 0, 63, 0, 0, 0, 0, 0, 2, 5, 70
"/Users/zerone/Documents/Coding/projectProp/apps/dashboard/src/components/v2/property/PropertyLeadsTable.tsx", "TypeScript JSX", 0, 0, 0, 0, 49, 0, 0, 0, 0, 0, 1, 3, 53
"/Users/zerone/Documents/Coding/projectProp/apps/dashboard/src/components/v2/property/PropertyOverview.tsx", "TypeScript JSX", 0, 0, 0, 0, 37, 0, 0, 0, 0, 0, 0, 7, 44
"/Users/zerone/Documents/Coding/projectProp/apps/dashboard/src/components/v2/property/PropertyStatusSelect.tsx", "TypeScript JSX", 0, 0, 0, 0, 201, 0, 0, 0, 0, 0, 13, 25, 239
"/Users/zerone/Documents/Coding/projectProp/apps/dashboard/src/components/v2/property/ShareMultiplePropertiesModal.tsx", "TypeScript JSX", 0, 0, 0, 0, 407, 0, 0, 0, 0, 0, 309, 77, 793
"/Users/zerone/Documents/Coding/projectProp/apps/dashboard/src/components/v2/property/SharePropertyModal.tsx", "TypeScript JSX", 0, 0, 0, 0, 89, 0, 0, 0, 0, 0, 13, 19, 121
"/Users/zerone/Documents/Coding/projectProp/apps/dashboard/src/components/v2/property/WhatsAppMessageCard.tsx", "TypeScript JSX", 0, 0, 0, 0, 49, 0, 0, 0, 0, 0, 182, 76, 307
"/Users/zerone/Documents/Coding/projectProp/apps/dashboard/src/components/v2/tables/DataTable.tsx", "TypeScript JSX", 0, 0, 0, 0, 56, 0, 0, 0, 0, 0, 0, 6, 62
"/Users/zerone/Documents/Coding/projectProp/apps/dashboard/src/components/v2/types/client-lead.ts", "TypeScript", 0, 0, 7, 0, 0, 0, 0, 0, 0, 0, 0, 1, 8
"/Users/zerone/Documents/Coding/projectProp/apps/dashboard/src/components/v2/types/lead.ts", "TypeScript", 0, 0, 19, 0, 0, 0, 0, 0, 0, 0, 0, 6, 25
"/Users/zerone/Documents/Coding/projectProp/apps/dashboard/src/components/v2/ui/AccordionSection.tsx", "TypeScript JSX", 0, 0, 0, 0, 34, 0, 0, 0, 0, 0, 2, 5, 41
"/Users/zerone/Documents/Coding/projectProp/apps/dashboard/src/components/v2/ui/Badge.tsx", "TypeScript JSX", 0, 0, 0, 0, 19, 0, 0, 0, 0, 0, 0, 1, 20
"/Users/zerone/Documents/Coding/projectProp/apps/dashboard/src/components/v2/ui/ControlledEditableField.tsx", "TypeScript JSX", 0, 0, 0, 0, 26, 0, 0, 0, 0, 0, 0, 2, 28
"/Users/zerone/Documents/Coding/projectProp/apps/dashboard/src/components/v2/ui/ControlledEditableSelectField.tsx", "TypeScript JSX", 0, 0, 0, 0, 34, 0, 0, 0, 0, 0, 0, 2, 36
"/Users/zerone/Documents/Coding/projectProp/apps/dashboard/src/components/v2/ui/EditableField.tsx", "TypeScript JSX", 0, 0, 0, 0, 70, 0, 0, 0, 0, 0, 1, 9, 80
"/Users/zerone/Documents/Coding/projectProp/apps/dashboard/src/components/v2/ui/EditableSelectField.tsx", "TypeScript JSX", 0, 0, 0, 0, 81, 0, 0, 0, 0, 0, 1, 10, 92
"/Users/zerone/Documents/Coding/projectProp/apps/dashboard/src/components/v2/ui/Input.tsx", "TypeScript JSX", 0, 0, 0, 0, 17, 0, 0, 0, 0, 0, 0, 2, 19
"/Users/zerone/Documents/Coding/projectProp/apps/dashboard/src/components/v2/ui/Select.tsx", "TypeScript JSX", 0, 0, 0, 0, 13, 0, 0, 0, 0, 0, 0, 1, 14
"/Users/zerone/Documents/Coding/projectProp/apps/dashboard/src/components/v2/utils/leadStage.tsx", "TypeScript JSX", 0, 0, 0, 0, 19, 0, 0, 0, 0, 0, 0, 1, 20
"/Users/zerone/Documents/Coding/projectProp/apps/dashboard/src/context/AuthContext.tsx", "TypeScript JSX", 0, 0, 0, 0, 130, 0, 0, 0, 0, 0, 32, 26, 188
"/Users/zerone/Documents/Coding/projectProp/apps/dashboard/src/lib/api.ts", "TypeScript", 0, 0, 64, 0, 0, 0, 0, 0, 0, 0, 15, 14, 93
"/Users/zerone/Documents/Coding/projectProp/apps/dashboard/src/lib/apiBase.ts", "TypeScript", 0, 0, 1, 0, 0, 0, 0, 0, 0, 0, 0, 1, 2
"/Users/zerone/Documents/Coding/projectProp/apps/dashboard/src/lib/prisma.ts", "TypeScript", 0, 0, 0, 0, 0, 0, 0, 0, 0, 0, 0, 1, 1
"/Users/zerone/Documents/Coding/projectProp/apps/dashboard/src/lib/queryClient.ts", "TypeScript", 0, 0, 2, 0, 0, 0, 0, 0, 0, 0, 0, 2, 4
"/Users/zerone/Documents/Coding/projectProp/apps/dashboard/src/lib/serverApi.ts", "TypeScript", 0, 0, 55, 0, 0, 0, 0, 0, 0, 0, 21, 12, 88
"/Users/zerone/Documents/Coding/projectProp/apps/dashboard/src/lib/serverFetch.ts", "TypeScript", 0, 0, 18, 0, 0, 0, 0, 0, 0, 0, 1, 2, 21
"/Users/zerone/Documents/Coding/projectProp/apps/dashboard/src/lib/unwrap.ts", "TypeScript", 0, 0, 3, 0, 0, 0, 0, 0, 0, 0, 4, 1, 8
"/Users/zerone/Documents/Coding/projectProp/apps/dashboard/src/lib/utils.ts", "TypeScript", 0, 0, 5, 0, 0, 0, 0, 0, 0, 0, 0, 2, 7
"/Users/zerone/Documents/Coding/projectProp/apps/dashboard/src/proxy.ts", "TypeScript", 0, 0, 34, 0, 0, 0, 0, 0, 0, 0, 7, 8, 49
"/Users/zerone/Documents/Coding/projectProp/apps/dashboard/src/utils/buildWhatsAppMessage.ts", "TypeScript", 0, 0, 124, 0, 0, 0, 0, 0, 0, 0, 238, 88, 450
"/Users/zerone/Documents/Coding/projectProp/apps/dashboard/tailwind.config.js", "JavaScript", 57, 0, 0, 0, 0, 0, 0, 0, 0, 0, 2, 12, 71
"/Users/zerone/Documents/Coding/projectProp/apps/dashboard/tsconfig.json", "JSON with Comments", 0, 0, 0, 0, 0, 35, 0, 0, 0, 0, 0, 0, 35
"/Users/zerone/Documents/Coding/projectProp/apps/dashboard/types/next-pwa.d.ts", "TypeScript", 0, 0, 1, 0, 0, 0, 0, 0, 0, 0, 0, 0, 1
"Total", "-", 121, 213, 9776, 5, 18158, 51, 94, 92, 841, 12, 5425, 4941, 39729